<?xml version="1.0" encoding="UTF-8"?>

<configuration scan="true" scanPeriod="60 seconds">

    <!-- 定义参数 -->
    <property name="log.lever" value="INFO" />
    <property name="log.maxHistory" value="30" />
    <property name="log.filePath" value="logs"></property>
    <property name="log.pattern" value="%-12(%d{yyyy-MM-dd HH:mm:ss.SSS}) |-%-5level [%thread] %c [%L] -| %msg%n" />

    <!-- 控制台设置 -->
    <appender name="consoleAppender" class="ch.qos.logback.core.ConsoleAppender">
        <encoder>
            <pattern>${log.pattern}</pattern>
        </encoder>
    </appender>

    <!-- DEBUG -->
    <appender name="debugAppender" class="ch.qos.logback.core.rolling.RollingFileAppender">
        <rollingPolicy class="ch.qos.logback.core.rolling.SizeAndTimeBasedRollingPolicy">
            <!-- 文件名称 -->
            <fileNamePattern>${log.filePath}/debug/debug.%d{yyyy-MM-dd}.%i.log.gz
            </fileNamePattern>
            <!-- 文件最大保存历史数量 -->
            <MaxHistory>${log.maxHistory}</MaxHistory>
            <MaxFileSize>100MB</MaxFileSize>
            <totalSizeCap>1GB</totalSizeCap>
        </rollingPolicy>
        <encoder>
            <pattern>${log.pattern}</pattern>
        </encoder>
        <filter class="ch.qos.logback.classic.filter.LevelFilter">
            <level>DEBUG</level>
            <onMatch>ACCEPT</onMatch>
            <onMismatch>DENY</onMismatch>
        </filter>
    </appender>

    <!-- INFO -->
    <appender name="infoAppender" class="ch.qos.logback.core.rolling.RollingFileAppender">

        <rollingPolicy class="ch.qos.logback.core.rolling.SizeAndTimeBasedRollingPolicy">
            <!-- 文件名称 -->
            <fileNamePattern>${log.filePath}/info/info.%d{yyyy-MM-dd}.%i.log
            </fileNamePattern>
            <!-- 文件最大保存历史数量 -->
            <MaxHistory>${log.maxHistory}</MaxHistory>
            <MaxFileSize>100MB</MaxFileSize>
            <totalSizeCap>1GB</totalSizeCap>
        </rollingPolicy>
        <encoder>
            <pattern>${log.pattern}</pattern>
        </encoder>
        <filter class="ch.qos.logback.classic.filter.LevelFilter">
            <level>INFO</level>
            <onMatch>ACCEPT</onMatch>
            <onMismatch>DENY</onMismatch>
        </filter>
    </appender>

    <!-- ERROR -->
    <appender name="errorAppender" class="ch.qos.logback.core.rolling.RollingFileAppender">

        <rollingPolicy class="ch.qos.logback.core.rolling.SizeAndTimeBasedRollingPolicy">
            <!-- 文件名称 -->
            <fileNamePattern>${log.filePath}/error/error.%d{yyyy-MM-dd}.%i.log</fileNamePattern>
            <!-- 文件最大保存历史数量 -->
            <MaxHistory>${log.maxHistory}</MaxHistory>
            <MaxFileSize>100MB</MaxFileSize>
            <totalSizeCap>1GB</totalSizeCap>
        </rollingPolicy>
        <encoder>
            <pattern>${log.pattern}</pattern>
        </encoder>
        <filter class="ch.qos.logback.classic.filter.LevelFilter">
            <level>ERROR</level>
            <onMatch>ACCEPT</onMatch>
            <onMismatch>DENY</onMismatch>
        </filter>
    </appender>

    <!-- 自定义 -->
    <appender name="selfAppender" class="ch.qos.logback.core.rolling.RollingFileAppender">

        <rollingPolicy class="ch.qos.logback.core.rolling.SizeAndTimeBasedRollingPolicy">
            <!-- 文件名称 -->
            <fileNamePattern>${log.filePath}/self/self.%d{yyyy-MM-dd}.%i.log</fileNamePattern>
            <!-- 文件最大保存历史数量 -->
            <MaxHistory>${log.maxHistory}</MaxHistory>
            <MaxFileSize>100MB</MaxFileSize>
            <totalSizeCap>1GB</totalSizeCap>
        </rollingPolicy>
        <encoder>
            <pattern>${log.pattern}</pattern>
        </encoder>
    </appender>



    <!--按包路径配置级别-->
    <logger name="com.project.demo.dao" level="DEBUG" additivity="false">
        <appender-ref ref="consoleAppender" />
    </logger>

    <root level="${log.lever}">
        <appender-ref ref="consoleAppender" />
        <appender-ref ref="debugAppender" />
        <appender-ref ref="infoAppender" />
        <appender-ref ref="errorAppender" />
    </root>
</configuration>
